[{"pk": 1, "model": "itserv.client", "fields": {"comment": "\u0441\u043e\u0437\u0434\u0430\u043d\u043e \u0430\u0432\u0442\u043e\u043c\u0430\u0442\u0438\u0447\u0435\u0441\u043a\u0438", "discont": 0.0, "name": "\u041a\u043b\u0438\u0435\u043d\u0442_1", "created": "2012-05-05T16:47:51.471Z", "modified": "2012-05-05T16:47:51.667Z", "phone": "8-(831)-47-455-66", "address": "\u043f\u043e\u0447\u0442\u043e\u0432\u044b\u0439 \u0430\u0434\u0440\u0435\u0441", "email": "test@apiasi.ru"}}, {"pk": 10, "model": "itserv.client", "fields": {"comment": "\u0441\u043e\u0437\u0434\u0430\u043d\u043e \u0430\u0432\u0442\u043e\u043c\u0430\u0442\u0438\u0447\u0435\u0441\u043a\u0438", "discont": 0.0, "name": "\u041a\u043b\u0438\u0435\u043d\u0442_10", "created": "2012-05-05T16:47:53.877Z", "modified": "2012-05-05T16:47:54.012Z", "phone": "8-(831)-47-455-66", "address": "\u043f\u043e\u0447\u0442\u043e\u0432\u044b\u0439 \u0430\u0434\u0440\u0435\u0441", "email": "test@apiasi.ru"}}, {"pk": 11, "model": "itserv.client", "fields": {"comment": "\u0441\u043e\u0437\u0434\u0430\u043d\u043e \u0430\u0432\u0442\u043e\u043c\u0430\u0442\u0438\u0447\u0435\u0441\u043a\u0438", "discont": 0.0, "name": "\u041a\u043b\u0438\u0435\u043d\u0442_11", "created": "2012-05-05T16:47:54.135Z", "modified": "2012-05-05T16:47:54.260Z", "phone": "8-(831)-47-455-66", "address": "\u043f\u043e\u0447\u0442\u043e\u0432\u044b\u0439 \u0430\u0434\u0440\u0435\u0441", "email": "test@apiasi.ru"}}, {"pk": 12, "model": "itserv.client", "fields": {"comment": "\u0441\u043e\u0437\u0434\u0430\u043d\u043e \u0430\u0432\u0442\u043e\u043c\u0430\u0442\u0438\u0447\u0435\u0441\u043a\u0438", "discont": 0.0, "name": "\u041a\u043b\u0438\u0435\u043d\u0442_12", "created": "2012-05-05T16:47:54.383Z", "modified": "2012-05-05T16:47:54.508Z", "phone": "8-(831)-47-455-66", "address": "\u043f\u043e\u0447\u0442\u043e\u0432\u044b\u0439 \u0430\u0434\u0440\u0435\u0441", "email": "test@apiasi.ru"}}, {"pk": 13, "model": "itserv.client", "fields": {"comment": "\u0441\u043e\u0437\u0434\u0430\u043d\u043e \u0430\u0432\u0442\u043e\u043c\u0430\u0442\u0438\u0447\u0435\u0441\u043a\u0438", "discont": 0.0, "name": "\u041a\u043b\u0438\u0435\u043d\u0442_13", "created": "2012-05-05T16:47:54.653Z", "modified": "2012-05-05T16:47:54.790Z", "phone": "8-(831)-47-455-66", "address": "\u043f\u043e\u0447\u0442\u043e\u0432\u044b\u0439 \u0430\u0434\u0440\u0435\u0441", "email": "test@apiasi.ru"}}, {"pk": 14, "model": "itserv.client", "fields": {"comment": "\u0441\u043e\u0437\u0434\u0430\u043d\u043e \u0430\u0432\u0442\u043e\u043c\u0430\u0442\u0438\u0447\u0435\u0441\u043a\u0438", "discont": 0.0, "name": "\u041a\u043b\u0438\u0435\u043d\u0442_14", "created": "2012-05-05T16:47:54.913Z", "modified": "2012-05-05T16:47:55.038Z", "phone": "8-(831)-47-455-66", "address": "\u043f\u043e\u0447\u0442\u043e\u0432\u044b\u0439 \u0430\u0434\u0440\u0435\u0441", "email": "test@apiasi.ru"}}, {"pk": 15, "model": "itserv.client", "fields": {"comment": "\u0441\u043e\u0437\u0434\u0430\u043d\u043e \u0430\u0432\u0442\u043e\u043c\u0430\u0442\u0438\u0447\u0435\u0441\u043a\u0438", "discont": 0.0, "name": "\u041a\u043b\u0438\u0435\u043d\u0442_15", "created": "2012-05-05T16:47:55.161Z", "modified": "2012-05-05T16:47:55.285Z", "phone": "8-(831)-47-455-66", "address": "\u043f\u043e\u0447\u0442\u043e\u0432\u044b\u0439 \u0430\u0434\u0440\u0435\u0441", "email": "test@apiasi.ru"}}, {"pk": 2, "model": "itserv.client", "fields": {"comment": "\u0441\u043e\u0437\u0434\u0430\u043d\u043e \u0430\u0432\u0442\u043e\u043c\u0430\u0442\u0438\u0447\u0435\u0441\u043a\u0438", "discont": 0.0, "name": "\u041a\u043b\u0438\u0435\u043d\u0442_2", "created": "2012-05-05T16:47:51.789Z", "modified": "2012-05-05T16:47:51.914Z", "phone": "8-(831)-47-455-66", "address": "\u043f\u043e\u0447\u0442\u043e\u0432\u044b\u0439 \u0430\u0434\u0440\u0435\u0441", "email": "test@apiasi.ru"}}, {"pk": 3, "model": "itserv.client", "fields": {"comment": "\u0441\u043e\u0437\u0434\u0430\u043d\u043e \u0430\u0432\u0442\u043e\u043c\u0430\u0442\u0438\u0447\u0435\u0441\u043a\u0438", "discont": 0.0, "name": "\u041a\u043b\u0438\u0435\u043d\u0442_3", "created": "2012-05-05T16:47:52.037Z", "modified": "2012-05-05T16:47:52.164Z", "phone": "8-(831)-47-455-66", "address": "\u043f\u043e\u0447\u0442\u043e\u0432\u044b\u0439 \u0430\u0434\u0440\u0435\u0441", "email": "test@apiasi.ru"}}, {"pk": 4, "model": "itserv.client", "fields": {"comment": "\u0441\u043e\u0437\u0434\u0430\u043d\u043e \u0430\u0432\u0442\u043e\u043c\u0430\u0442\u0438\u0447\u0435\u0441\u043a\u0438", "discont": 0.0, "name": "\u041a\u043b\u0438\u0435\u043d\u0442_4", "created": "2012-05-05T16:47:52.309Z", "modified": "2012-05-05T16:47:52.445Z", "phone": "8-(831)-47-455-66", "address": "\u043f\u043e\u0447\u0442\u043e\u0432\u044b\u0439 \u0430\u0434\u0440\u0435\u0441", "email": "test@apiasi.ru"}}, {"pk": 5, "model": "itserv.client", "fields": {"comment": "\u0441\u043e\u0437\u0434\u0430\u043d\u043e \u0430\u0432\u0442\u043e\u043c\u0430\u0442\u0438\u0447\u0435\u0441\u043a\u0438", "discont": 0.0, "name": "\u041a\u043b\u0438\u0435\u043d\u0442_5", "created": "2012-05-05T16:47:52.567Z", "modified": "2012-05-05T16:47:52.692Z", "phone": "8-(831)-47-455-66", "address": "\u043f\u043e\u0447\u0442\u043e\u0432\u044b\u0439 \u0430\u0434\u0440\u0435\u0441", "email": "test@apiasi.ru"}}, {"pk": 6, "model": "itserv.client", "fields": {"comment": "\u0441\u043e\u0437\u0434\u0430\u043d\u043e \u0430\u0432\u0442\u043e\u043c\u0430\u0442\u0438\u0447\u0435\u0441\u043a\u0438", "discont": 0.0, "name": "\u041a\u043b\u0438\u0435\u043d\u0442_6", "created": "2012-05-05T16:47:52.815Z", "modified": "2012-05-05T16:47:52.940Z", "phone": "8-(831)-47-455-66", "address": "\u043f\u043e\u0447\u0442\u043e\u0432\u044b\u0439 \u0430\u0434\u0440\u0435\u0441", "email": "test@apiasi.ru"}}, {"pk": 7, "model": "itserv.client", "fields": {"comment": "\u0441\u043e\u0437\u0434\u0430\u043d\u043e \u0430\u0432\u0442\u043e\u043c\u0430\u0442\u0438\u0447\u0435\u0441\u043a\u0438", "discont": 0.0, "name": "\u041a\u043b\u0438\u0435\u043d\u0442_7", "created": "2012-05-05T16:47:53.075Z", "modified": "2012-05-05T16:47:53.211Z", "phone": "8-(831)-47-455-66", "address": "\u043f\u043e\u0447\u0442\u043e\u0432\u044b\u0439 \u0430\u0434\u0440\u0435\u0441", "email": "test@apiasi.ru"}}, {"pk": 8, "model": "itserv.client", "fields": {"comment": "\u0441\u043e\u0437\u0434\u0430\u043d\u043e \u0430\u0432\u0442\u043e\u043c\u0430\u0442\u0438\u0447\u0435\u0441\u043a\u0438", "discont": 0.0, "name": "\u041a\u043b\u0438\u0435\u043d\u0442_8", "created": "2012-05-05T16:47:53.334Z", "modified": "2012-05-05T16:47:53.459Z", "phone": "8-(831)-47-455-66", "address": "\u043f\u043e\u0447\u0442\u043e\u0432\u044b\u0439 \u0430\u0434\u0440\u0435\u0441", "email": "test@apiasi.ru"}}, {"pk": 9, "model": "itserv.client", "fields": {"comment": "\u0441\u043e\u0437\u0434\u0430\u043d\u043e \u0430\u0432\u0442\u043e\u043c\u0430\u0442\u0438\u0447\u0435\u0441\u043a\u0438", "discont": 0.0, "name": "\u041a\u043b\u0438\u0435\u043d\u0442_9", "created": "2012-05-05T16:47:53.582Z", "modified": "2012-05-05T16:47:53.741Z", "phone": "8-(831)-47-455-66", "address": "\u043f\u043e\u0447\u0442\u043e\u0432\u044b\u0439 \u0430\u0434\u0440\u0435\u0441", "email": "test@apiasi.ru"}}, {"pk": 1, "model": "itserv.provider", "fields": {"comment": "\u0441\u043e\u0437\u0434\u0430\u043d\u043e \u0430\u0432\u0442\u043e\u043c\u0430\u0442\u0438\u0447\u0435\u0441\u043a\u0438", "name": "\u041f\u043e\u0441\u0442\u0430\u0432\u0449\u0438\u043a1", "created": "2012-05-05T16:45:44.539Z", "site": null, "modified": "2012-05-05T16:45:44.749Z", "phone": "8-(831)-47-455-66", "address": "\u043f\u043e\u0447\u0442\u043e\u0432\u044b\u0439 \u0430\u0434\u0440\u0435\u0441", "email": "test@apiasi.ru"}}, {"pk": 10, "model": "itserv.provider", "fields": {"comment": "\u0441\u043e\u0437\u0434\u0430\u043d\u043e \u0430\u0432\u0442\u043e\u043c\u0430\u0442\u0438\u0447\u0435\u0441\u043a\u0438", "name": "\u041f\u043e\u0441\u0442\u0430\u0432\u0449\u0438\u043a10", "created": "2012-05-05T16:45:47.024Z", "site": null, "modified": "2012-05-05T16:45:47.162Z", "phone": "8-(831)-47-455-66", "address": "\u043f\u043e\u0447\u0442\u043e\u0432\u044b\u0439 \u0430\u0434\u0440\u0435\u0441", "email": "test@apiasi.ru"}}, {"pk": 11, "model": "itserv.provider", "fields": {"comment": "\u0441\u043e\u0437\u0434\u0430\u043d\u043e \u0430\u0432\u0442\u043e\u043c\u0430\u0442\u0438\u0447\u0435\u0441\u043a\u0438", "name": "\u041f\u043e\u0441\u0442\u0430\u0432\u0449\u0438\u043a11", "created": "2012-05-05T16:45:47.296Z", "site": null, "modified": "2012-05-05T16:45:47.421Z", "phone": "8-(831)-47-455-66", "address": "\u043f\u043e\u0447\u0442\u043e\u0432\u044b\u0439 \u0430\u0434\u0440\u0435\u0441", "email": "test@apiasi.ru"}}, {"pk": 12, "model": "itserv.provider", "fields": {"comment": "\u0441\u043e\u0437\u0434\u0430\u043d\u043e \u0430\u0432\u0442\u043e\u043c\u0430\u0442\u0438\u0447\u0435\u0441\u043a\u0438", "name": "\u041f\u043e\u0441\u0442\u0430\u0432\u0449\u0438\u043a12", "created": "2012-05-05T16:45:47.566Z", "site": null, "modified": "2012-05-05T16:45:47.703Z", "phone": "8-(831)-47-455-66", "address": "\u043f\u043e\u0447\u0442\u043e\u0432\u044b\u0439 \u0430\u0434\u0440\u0435\u0441", "email": "test@apiasi.ru"}}, {"pk": 13, "model": "itserv.provider", "fields": {"comment": "\u0441\u043e\u0437\u0434\u0430\u043d\u043e \u0430\u0432\u0442\u043e\u043c\u0430\u0442\u0438\u0447\u0435\u0441\u043a\u0438", "name": "\u041f\u043e\u0441\u0442\u0430\u0432\u0449\u0438\u043a13", "created": "2012-05-05T16:45:47.847Z", "site": null, "modified": "2012-05-05T16:45:47.983Z", "phone": "8-(831)-47-455-66", "address": "\u043f\u043e\u0447\u0442\u043e\u0432\u044b\u0439 \u0430\u0434\u0440\u0435\u0441", "email": "test@apiasi.ru"}}, {"pk": 14, "model": "itserv.provider", "fields": {"comment": "\u0441\u043e\u0437\u0434\u0430\u043d\u043e \u0430\u0432\u0442\u043e\u043c\u0430\u0442\u0438\u0447\u0435\u0441\u043a\u0438", "name": "\u041f\u043e\u0441\u0442\u0430\u0432\u0449\u0438\u043a14", "created": "2012-05-05T16:45:48.108Z", "site": null, "modified": "2012-05-05T16:45:48.233Z", "phone": "8-(831)-47-455-66", "address": "\u043f\u043e\u0447\u0442\u043e\u0432\u044b\u0439 \u0430\u0434\u0440\u0435\u0441", "email": "test@apiasi.ru"}}, {"pk": 15, "model": "itserv.provider", "fields": {"comment": "\u0441\u043e\u0437\u0434\u0430\u043d\u043e \u0430\u0432\u0442\u043e\u043c\u0430\u0442\u0438\u0447\u0435\u0441\u043a\u0438", "name": "\u041f\u043e\u0441\u0442\u0430\u0432\u0449\u0438\u043a15", "created": "2012-05-05T16:45:48.378Z", "site": null, "modified": "2012-05-05T16:45:48.503Z", "phone": "8-(831)-47-455-66", "address": "\u043f\u043e\u0447\u0442\u043e\u0432\u044b\u0439 \u0430\u0434\u0440\u0435\u0441", "email": "test@apiasi.ru"}}, {"pk": 16, "model": "itserv.provider", "fields": {"comment": "\u0441\u043e\u0437\u0434\u0430\u043d\u043e \u0430\u0432\u0442\u043e\u043c\u0430\u0442\u0438\u0447\u0435\u0441\u043a\u0438", "name": "\u041f\u043e\u0441\u0442\u0430\u0432\u0449\u0438\u043a16", "created": "2012-05-05T16:45:48.637Z", "site": null, "modified": "2012-05-05T16:45:48.773Z", "phone": "8-(831)-47-455-66", "address": "\u043f\u043e\u0447\u0442\u043e\u0432\u044b\u0439 \u0430\u0434\u0440\u0435\u0441", "email": "test@apiasi.ru"}}, {"pk": 17, "model": "itserv.provider", "fields": {"comment": "\u0441\u043e\u0437\u0434\u0430\u043d\u043e \u0430\u0432\u0442\u043e\u043c\u0430\u0442\u0438\u0447\u0435\u0441\u043a\u0438", "name": "\u041f\u043e\u0441\u0442\u0430\u0432\u0449\u0438\u043a17", "created": "2012-05-05T16:45:48.896Z", "site": null, "modified": "2012-05-05T16:45:49.033Z", "phone": "8-(831)-47-455-66", "address": "\u043f\u043e\u0447\u0442\u043e\u0432\u044b\u0439 \u0430\u0434\u0440\u0435\u0441", "email": "test@apiasi.ru"}}, {"pk": 18, "model": "itserv.provider", "fields": {"comment": "\u0441\u043e\u0437\u0434\u0430\u043d\u043e \u0430\u0432\u0442\u043e\u043c\u0430\u0442\u0438\u0447\u0435\u0441\u043a\u0438", "name": "\u041f\u043e\u0441\u0442\u0430\u0432\u0449\u0438\u043a18", "created": "2012-05-05T16:45:49.168Z", "site": null, "modified": "2012-05-05T16:45:49.293Z", "phone": "8-(831)-47-455-66", "address": "\u043f\u043e\u0447\u0442\u043e\u0432\u044b\u0439 \u0430\u0434\u0440\u0435\u0441", "email": "test@apiasi.ru"}}, {"pk": 19, "model": "itserv.provider", "fields": {"comment": "\u0441\u043e\u0437\u0434\u0430\u043d\u043e \u0430\u0432\u0442\u043e\u043c\u0430\u0442\u0438\u0447\u0435\u0441\u043a\u0438", "name": "\u041f\u043e\u0441\u0442\u0430\u0432\u0449\u0438\u043a19", "created": "2012-05-05T16:45:49.427Z", "site": null, "modified": "2012-05-05T16:45:49.562Z", "phone": "8-(831)-47-455-66", "address": "\u043f\u043e\u0447\u0442\u043e\u0432\u044b\u0439 \u0430\u0434\u0440\u0435\u0441", "email": "test@apiasi.ru"}}, {"pk": 2, "model": "itserv.provider", "fields": {"comment": "\u0441\u043e\u0437\u0434\u0430\u043d\u043e \u0430\u0432\u0442\u043e\u043c\u0430\u0442\u0438\u0447\u0435\u0441\u043a\u0438", "name": "\u041f\u043e\u0441\u0442\u0430\u0432\u0449\u0438\u043a2", "created": "2012-05-05T16:45:44.894Z", "site": null, "modified": "2012-05-05T16:45:45.018Z", "phone": "8-(831)-47-455-66", "address": "\u043f\u043e\u0447\u0442\u043e\u0432\u044b\u0439 \u0430\u0434\u0440\u0435\u0441", "email": "test@apiasi.ru"}}, {"pk": 20, "model": "itserv.provider", "fields": {"comment": "\u0441\u043e\u0437\u0434\u0430\u043d\u043e \u0430\u0432\u0442\u043e\u043c\u0430\u0442\u0438\u0447\u0435\u0441\u043a\u0438", "name": "\u041f\u043e\u0441\u0442\u0430\u0432\u0449\u0438\u043a20", "created": "2012-05-05T16:45:49.686Z", "site": null, "modified": "2012-05-05T16:45:49.824Z", "phone": "8-(831)-47-455-66", "address": "\u043f\u043e\u0447\u0442\u043e\u0432\u044b\u0439 \u0430\u0434\u0440\u0435\u0441", "email": "test@apiasi.ru"}}, {"pk": 21, "model": "itserv.provider", "fields": {"comment": "\u0441\u043e\u0437\u0434\u0430\u043d\u043e \u0430\u0432\u0442\u043e\u043c\u0430\u0442\u0438\u0447\u0435\u0441\u043a\u0438", "name": "\u041f\u043e\u0441\u0442\u0430\u0432\u0449\u0438\u043a21", "created": "2012-05-05T16:45:49.957Z", "site": null, "modified": "2012-05-05T16:45:50.093Z", "phone": "8-(831)-47-455-66", "address": "\u043f\u043e\u0447\u0442\u043e\u0432\u044b\u0439 \u0430\u0434\u0440\u0435\u0441", "email": "test@apiasi.ru"}}, {"pk": 22, "model": "itserv.provider", "fields": {"comment": "\u0441\u043e\u0437\u0434\u0430\u043d\u043e \u0430\u0432\u0442\u043e\u043c\u0430\u0442\u0438\u0447\u0435\u0441\u043a\u0438", "name": "\u041f\u043e\u0441\u0442\u0430\u0432\u0449\u0438\u043a22", "created": "2012-05-05T16:45:50.227Z", "site": null, "modified": "2012-05-05T16:45:50.364Z", "phone": "8-(831)-47-455-66", "address": "\u043f\u043e\u0447\u0442\u043e\u0432\u044b\u0439 \u0430\u0434\u0440\u0435\u0441", "email": "test@apiasi.ru"}}, {"pk": 23, "model": "itserv.provider", "fields": {"comment": "\u0441\u043e\u0437\u0434\u0430\u043d\u043e \u0430\u0432\u0442\u043e\u043c\u0430\u0442\u0438\u0447\u0435\u0441\u043a\u0438", "name": "\u041f\u043e\u0441\u0442\u0430\u0432\u0449\u0438\u043a23", "created": "2012-05-05T16:45:50.486Z", "site": null, "modified": "2012-05-05T16:45:50.611Z", "phone": "8-(831)-47-455-66", "address": "\u043f\u043e\u0447\u0442\u043e\u0432\u044b\u0439 \u0430\u0434\u0440\u0435\u0441", "email": "test@apiasi.ru"}}, {"pk": 24, "model": "itserv.provider", "fields": {"comment": "\u0441\u043e\u0437\u0434\u0430\u043d\u043e \u0430\u0432\u0442\u043e\u043c\u0430\u0442\u0438\u0447\u0435\u0441\u043a\u0438", "name": "\u041f\u043e\u0441\u0442\u0430\u0432\u0449\u0438\u043a24", "created": "2012-05-05T16:45:50.747Z", "site": null, "modified": "2012-05-05T16:45:50.883Z", "phone": "8-(831)-47-455-66", "address": "\u043f\u043e\u0447\u0442\u043e\u0432\u044b\u0439 \u0430\u0434\u0440\u0435\u0441", "email": "test@apiasi.ru"}}, {"pk": 25, "model": "itserv.provider", "fields": {"comment": "\u0441\u043e\u0437\u0434\u0430\u043d\u043e \u0430\u0432\u0442\u043e\u043c\u0430\u0442\u0438\u0447\u0435\u0441\u043a\u0438", "name": "\u041f\u043e\u0441\u0442\u0430\u0432\u0449\u0438\u043a25", "created": "2012-05-05T16:45:51.017Z", "site": null, "modified": "2012-05-05T16:45:51.142Z", "phone": "8-(831)-47-455-66", "address": "\u043f\u043e\u0447\u0442\u043e\u0432\u044b\u0439 \u0430\u0434\u0440\u0435\u0441", "email": "test@apiasi.ru"}}, {"pk": 26, "model": "itserv.provider", "fields": {"comment": "\u0441\u043e\u0437\u0434\u0430\u043d\u043e \u0430\u0432\u0442\u043e\u043c\u0430\u0442\u0438\u0447\u0435\u0441\u043a\u0438", "name": "\u041f\u043e\u0441\u0442\u0430\u0432\u0449\u0438\u043a26", "created": "2012-05-05T16:45:51.265Z", "site": null, "modified": "2012-05-05T16:45:51.390Z", "phone": "8-(831)-47-455-66", "address": "\u043f\u043e\u0447\u0442\u043e\u0432\u044b\u0439 \u0430\u0434\u0440\u0435\u0441", "email": "test@apiasi.ru"}}, {"pk": 27, "model": "itserv.provider", "fields": {"comment": "\u0441\u043e\u0437\u0434\u0430\u043d\u043e \u0430\u0432\u0442\u043e\u043c\u0430\u0442\u0438\u0447\u0435\u0441\u043a\u0438", "name": "\u041f\u043e\u0441\u0442\u0430\u0432\u0449\u0438\u043a27", "created": "2012-05-05T16:45:51.526Z", "site": null, "modified": "2012-05-05T16:45:51.662Z", "phone": "8-(831)-47-455-66", "address": "\u043f\u043e\u0447\u0442\u043e\u0432\u044b\u0439 \u0430\u0434\u0440\u0435\u0441", "email": "test@apiasi.ru"}}, {"pk": 28, "model": "itserv.provider", "fields": {"comment": "\u0441\u043e\u0437\u0434\u0430\u043d\u043e \u0430\u0432\u0442\u043e\u043c\u0430\u0442\u0438\u0447\u0435\u0441\u043a\u0438", "name": "\u041f\u043e\u0441\u0442\u0430\u0432\u0449\u0438\u043a28", "created": "2012-05-05T16:45:51.796Z", "site": null, "modified": "2012-05-05T16:45:51.921Z", "phone": "8-(831)-47-455-66", "address": "\u043f\u043e\u0447\u0442\u043e\u0432\u044b\u0439 \u0430\u0434\u0440\u0435\u0441", "email": "test@apiasi.ru"}}, {"pk": 29, "model": "itserv.provider", "fields": {"comment": "\u0441\u043e\u0437\u0434\u0430\u043d\u043e \u0430\u0432\u0442\u043e\u043c\u0430\u0442\u0438\u0447\u0435\u0441\u043a\u0438", "name": "\u041f\u043e\u0441\u0442\u0430\u0432\u0449\u0438\u043a29", "created": "2012-05-05T16:45:52.043Z", "site": null, "modified": "2012-05-05T16:45:52.168Z", "phone": "8-(831)-47-455-66", "address": "\u043f\u043e\u0447\u0442\u043e\u0432\u044b\u0439 \u0430\u0434\u0440\u0435\u0441", "email": "test@apiasi.ru"}}, {"pk": 3, "model": "itserv.provider", "fields": {"comment": "\u0441\u043e\u0437\u0434\u0430\u043d\u043e \u0430\u0432\u0442\u043e\u043c\u0430\u0442\u0438\u0447\u0435\u0441\u043a\u0438", "name": "\u041f\u043e\u0441\u0442\u0430\u0432\u0449\u0438\u043a3", "created": "2012-05-05T16:45:45.164Z", "site": null, "modified": "2012-05-05T16:45:45.300Z", "phone": "8-(831)-47-455-66", "address": "\u043f\u043e\u0447\u0442\u043e\u0432\u044b\u0439 \u0430\u0434\u0440\u0435\u0441", "email": "test@apiasi.ru"}}, {"pk": 30, "model": "itserv.provider", "fields": {"comment": "\u0441\u043e\u0437\u0434\u0430\u043d\u043e \u0430\u0432\u0442\u043e\u043c\u0430\u0442\u0438\u0447\u0435\u0441\u043a\u0438", "name": "\u041f\u043e\u0441\u0442\u0430\u0432\u0449\u0438\u043a30", "created": "2012-05-05T16:45:52.313Z", "site": null, "modified": "2012-05-05T16:45:52.451Z", "phone": "8-(831)-47-455-66", "address": "\u043f\u043e\u0447\u0442\u043e\u0432\u044b\u0439 \u0430\u0434\u0440\u0435\u0441", "email": "test@apiasi.ru"}}, {"pk": 4, "model": "itserv.provider", "fields": {"comment": "\u0441\u043e\u0437\u0434\u0430\u043d\u043e \u0430\u0432\u0442\u043e\u043c\u0430\u0442\u0438\u0447\u0435\u0441\u043a\u0438", "name": "\u041f\u043e\u0441\u0442\u0430\u0432\u0449\u0438\u043a4", "created": "2012-05-05T16:45:45.424Z", "site": null, "modified": "2012-05-05T16:45:45.560Z", "phone": "8-(831)-47-455-66", "address": "\u043f\u043e\u0447\u0442\u043e\u0432\u044b\u0439 \u0430\u0434\u0440\u0435\u0441", "email": "test@apiasi.ru"}}, {"pk": 5, "model": "itserv.provider", "fields": {"comment": "\u0441\u043e\u0437\u0434\u0430\u043d\u043e \u0430\u0432\u0442\u043e\u043c\u0430\u0442\u0438\u0447\u0435\u0441\u043a\u0438", "name": "\u041f\u043e\u0441\u0442\u0430\u0432\u0449\u0438\u043a5", "created": "2012-05-05T16:45:45.694Z", "site": null, "modified": "2012-05-05T16:45:45.819Z", "phone": "8-(831)-47-455-66", "address": "\u043f\u043e\u0447\u0442\u043e\u0432\u044b\u0439 \u0430\u0434\u0440\u0435\u0441", "email": "test@apiasi.ru"}}, {"pk": 6, "model": "itserv.provider", "fields": {"comment": "\u0441\u043e\u0437\u0434\u0430\u043d\u043e \u0430\u0432\u0442\u043e\u043c\u0430\u0442\u0438\u0447\u0435\u0441\u043a\u0438", "name": "\u041f\u043e\u0441\u0442\u0430\u0432\u0449\u0438\u043a6", "created": "2012-05-05T16:45:45.965Z", "site": null, "modified": "2012-05-05T16:45:46.100Z", "phone": "8-(831)-47-455-66", "address": "\u043f\u043e\u0447\u0442\u043e\u0432\u044b\u0439 \u0430\u0434\u0440\u0435\u0441", "email": "test@apiasi.ru"}}, {"pk": 7, "model": "itserv.provider", "fields": {"comment": "\u0441\u043e\u0437\u0434\u0430\u043d\u043e \u0430\u0432\u0442\u043e\u043c\u0430\u0442\u0438\u0447\u0435\u0441\u043a\u0438", "name": "\u041f\u043e\u0441\u0442\u0430\u0432\u0449\u0438\u043a7", "created": "2012-05-05T16:45:46.223Z", "site": null, "modified": "2012-05-05T16:45:46.361Z", "phone": "8-(831)-47-455-66", "address": "\u043f\u043e\u0447\u0442\u043e\u0432\u044b\u0439 \u0430\u0434\u0440\u0435\u0441", "email": "test@apiasi.ru"}}, {"pk": 8, "model": "itserv.provider", "fields": {"comment": "\u0441\u043e\u0437\u0434\u0430\u043d\u043e \u0430\u0432\u0442\u043e\u043c\u0430\u0442\u0438\u0447\u0435\u0441\u043a\u0438", "name": "\u041f\u043e\u0441\u0442\u0430\u0432\u0449\u0438\u043a8", "created": "2012-05-05T16:45:46.495Z", "site": null, "modified": "2012-05-05T16:45:46.620Z", "phone": "8-(831)-47-455-66", "address": "\u043f\u043e\u0447\u0442\u043e\u0432\u044b\u0439 \u0430\u0434\u0440\u0435\u0441", "email": "test@apiasi.ru"}}, {"pk": 9, "model": "itserv.provider", "fields": {"comment": "\u0441\u043e\u0437\u0434\u0430\u043d\u043e \u0430\u0432\u0442\u043e\u043c\u0430\u0442\u0438\u0447\u0435\u0441\u043a\u0438", "name": "\u041f\u043e\u0441\u0442\u0430\u0432\u0449\u0438\u043a9", "created": "2012-05-05T16:45:46.765Z", "site": null, "modified": "2012-05-05T16:45:46.901Z", "phone": "8-(831)-47-455-66", "address": "\u043f\u043e\u0447\u0442\u043e\u0432\u044b\u0439 \u0430\u0434\u0440\u0435\u0441", "email": "test@apiasi.ru"}}, {"pk": 1, "model": "itserv.product", "fields": {"comment": "\u0441\u043e\u0437\u0434\u0430\u043d\u043e \u0430\u0432\u0442\u043e\u043c\u0430\u0442\u0438\u0447\u0435\u0441\u043a\u0438", "name": "\u0422\u043e\u0432\u0430\u04401", "service": false, "created": "2012-05-05T16:46:28.436Z", "price": 7907.81, "modified": "2012-05-05T16:46:28.639Z", "rest": 42, "provider": 14}}, {"pk": 10, "model": "itserv.product", "fields": {"comment": "\u0441\u043e\u0437\u0434\u0430\u043d\u043e \u0430\u0432\u0442\u043e\u043c\u0430\u0442\u0438\u0447\u0435\u0441\u043a\u0438", "name": "\u0422\u043e\u0432\u0430\u044010", "service": false, "created": "2012-05-05T16:46:30.927Z", "price": 7150.55, "modified": "2012-05-05T16:46:31.084Z", "rest": 100, "provider": 13}}, {"pk": 11, "model": "itserv.product", "fields": {"comment": "\u0441\u043e\u0437\u0434\u0430\u043d\u043e \u0430\u0432\u0442\u043e\u043c\u0430\u0442\u0438\u0447\u0435\u0441\u043a\u0438", "name": "\u0422\u043e\u0432\u0430\u044011", "service": false, "created": "2012-05-05T16:46:31.230Z", "price": 7897.25, "modified": "2012-05-05T16:46:31.354Z", "rest": 48, "provider": 30}}, {"pk": 12, "model": "itserv.product", "fields": {"comment": "\u0441\u043e\u0437\u0434\u0430\u043d\u043e \u0430\u0432\u0442\u043e\u043c\u0430\u0442\u0438\u0447\u0435\u0441\u043a\u0438", "name": "\u0422\u043e\u0432\u0430\u044012", "service": false, "created": "2012-05-05T16:46:31.478Z", "price": 9075.57, "modified": "2012-05-05T16:46:31.602Z", "rest": 37, "provider": 29}}, {"pk": 13, "model": "itserv.product", "fields": {"comment": "\u0441\u043e\u0437\u0434\u0430\u043d\u043e \u0430\u0432\u0442\u043e\u043c\u0430\u0442\u0438\u0447\u0435\u0441\u043a\u0438", "name": "\u0422\u043e\u0432\u0430\u044013", "service": false, "created": "2012-05-05T16:46:31.727Z", "price": 7404.59, "modified": "2012-05-05T16:46:31.884Z", "rest": 78, "provider": 5}}, {"pk": 14, "model": "itserv.product", "fields": {"comment": "\u0441\u043e\u0437\u0434\u0430\u043d\u043e \u0430\u0432\u0442\u043e\u043c\u0430\u0442\u0438\u0447\u0435\u0441\u043a\u0438", "name": "\u0422\u043e\u0432\u0430\u044014", "service": false, "created": "2012-05-05T16:46:32.042Z", "price": 8259.23, "modified": "2012-05-05T16:46:32.176Z", "rest": 39, "provider": 27}}, {"pk": 15, "model": "itserv.product", "fields": {"comment": "\u0441\u043e\u0437\u0434\u0430\u043d\u043e \u0430\u0432\u0442\u043e\u043c\u0430\u0442\u0438\u0447\u0435\u0441\u043a\u0438", "name": "\u0422\u043e\u0432\u0430\u044015", "service": false, "created": "2012-05-05T16:46:32.300Z", "price": 7175.77, "modified": "2012-05-05T16:46:32.424Z", "rest": 12, "provider": 15}}, {"pk": 16, "model": "itserv.product", "fields": {"comment": "\u0441\u043e\u0437\u0434\u0430\u043d\u043e \u0430\u0432\u0442\u043e\u043c\u0430\u0442\u0438\u0447\u0435\u0441\u043a\u0438", "name": "\u0422\u043e\u0432\u0430\u044016", "service": false, "created": "2012-05-05T16:46:32.570Z", "price": 4520.44, "modified": "2012-05-05T16:46:32.695Z", "rest": 42, "provider": 28}}, {"pk": 17, "model": "itserv.product", "fields": {"comment": "\u0441\u043e\u0437\u0434\u0430\u043d\u043e \u0430\u0432\u0442\u043e\u043c\u0430\u0442\u0438\u0447\u0435\u0441\u043a\u0438", "name": "\u0422\u043e\u0432\u0430\u044017", "service": false, "created": "2012-05-05T16:46:32.853Z", "price": 8617.5, "modified": "2012-05-05T16:46:32.987Z", "rest": 82, "provider": 21}}, {"pk": 18, "model": "itserv.product", "fields": {"comment": "\u0441\u043e\u0437\u0434\u0430\u043d\u043e \u0430\u0432\u0442\u043e\u043c\u0430\u0442\u0438\u0447\u0435\u0441\u043a\u0438", "name": "\u0422\u043e\u0432\u0430\u044018", "service": false, "created": "2012-05-05T16:46:33.111Z", "price": 1310.26, "modified": "2012-05-05T16:46:33.235Z", "rest": 49, "provider": 10}}, {"pk": 19, "model": "itserv.product", "fields": {"comment": "\u0441\u043e\u0437\u0434\u0430\u043d\u043e \u0430\u0432\u0442\u043e\u043c\u0430\u0442\u0438\u0447\u0435\u0441\u043a\u0438", "name": "\u0422\u043e\u0432\u0430\u044019", "service": false, "created": "2012-05-05T16:46:33.359Z", "price": 3235.46, "modified": "2012-05-05T16:46:33.483Z", "rest": 44, "provider": 12}}, {"pk": 2, "model": "itserv.product", "fields": {"comment": "\u0441\u043e\u0437\u0434\u0430\u043d\u043e \u0430\u0432\u0442\u043e\u043c\u0430\u0442\u0438\u0447\u0435\u0441\u043a\u0438", "name": "\u0422\u043e\u0432\u0430\u04402", "service": false, "created": "2012-05-05T16:46:28.774Z", "price": 8612.03, "modified": "2012-05-05T16:46:28.900Z", "rest": 64, "provider": 29}}, {"pk": 20, "model": "itserv.product", "fields": {"comment": "\u0441\u043e\u0437\u0434\u0430\u043d\u043e \u0430\u0432\u0442\u043e\u043c\u0430\u0442\u0438\u0447\u0435\u0441\u043a\u0438", "name": "\u0422\u043e\u0432\u0430\u044020", "service": false, "created": "2012-05-05T16:46:33.608Z", "price": 6479.49, "modified": "2012-05-05T16:46:33.732Z", "rest": 69, "provider": 17}}, {"pk": 21, "model": "itserv.product", "fields": {"comment": "\u0441\u043e\u0437\u0434\u0430\u043d\u043e \u0430\u0432\u0442\u043e\u043c\u0430\u0442\u0438\u0447\u0435\u0441\u043a\u0438", "name": "\u0422\u043e\u0432\u0430\u044021", "service": false, "created": "2012-05-05T16:46:33.856Z", "price": 9071.71, "modified": "2012-05-05T16:46:33.979Z", "rest": 56, "provider": 7}}, {"pk": 22, "model": "itserv.product", "fields": {"comment": "\u0441\u043e\u0437\u0434\u0430\u043d\u043e \u0430\u0432\u0442\u043e\u043c\u0430\u0442\u0438\u0447\u0435\u0441\u043a\u0438", "name": "\u0422\u043e\u0432\u0430\u044022", "service": false, "created": "2012-05-05T16:46:34.103Z", "price": 3809.74, "modified": "2012-05-05T16:46:34.227Z", "rest": 90, "provider": 16}}, {"pk": 23, "model": "itserv.product", "fields": {"comment": "\u0441\u043e\u0437\u0434\u0430\u043d\u043e \u0430\u0432\u0442\u043e\u043c\u0430\u0442\u0438\u0447\u0435\u0441\u043a\u0438", "name": "\u0422\u043e\u0432\u0430\u044023", "service": false, "created": "2012-05-05T16:46:34.362Z", "price": 4119.85, "modified": "2012-05-05T16:46:34.476Z", "rest": 36, "provider": 26}}, {"pk": 24, "model": "itserv.product", "fields": {"comment": "\u0441\u043e\u0437\u0434\u0430\u043d\u043e \u0430\u0432\u0442\u043e\u043c\u0430\u0442\u0438\u0447\u0435\u0441\u043a\u0438", "name": "\u0422\u043e\u0432\u0430\u044024", "service": false, "created": "2012-05-05T16:46:34.611Z", "price": 4695.45, "modified": "2012-05-05T16:46:34.735Z", "rest": 48, "provider": 16}}, {"pk": 25, "model": "itserv.product", "fields": {"comment": "\u0441\u043e\u0437\u0434\u0430\u043d\u043e \u0430\u0432\u0442\u043e\u043c\u0430\u0442\u0438\u0447\u0435\u0441\u043a\u0438", "name": "\u0422\u043e\u0432\u0430\u044025", "service": false, "created": "2012-05-05T16:46:34.859Z", "price": 6938.9, "modified": "2012-05-05T16:46:34.982Z", "rest": 99, "provider": 12}}, {"pk": 26, "model": "itserv.product", "fields": {"comment": "\u0441\u043e\u0437\u0434\u0430\u043d\u043e \u0430\u0432\u0442\u043e\u043c\u0430\u0442\u0438\u0447\u0435\u0441\u043a\u0438", "name": "\u0422\u043e\u0432\u0430\u044026", "service": false, "created": "2012-05-05T16:46:35.118Z", "price": 6101.83, "modified": "2012-05-05T16:46:35.252Z", "rest": 18, "provider": 3}}, {"pk": 27, "model": "itserv.product", "fields": {"comment": "\u0441\u043e\u0437\u0434\u0430\u043d\u043e \u0430\u0432\u0442\u043e\u043c\u0430\u0442\u0438\u0447\u0435\u0441\u043a\u0438", "name": "\u0422\u043e\u0432\u0430\u044027", "service": false, "created": "2012-05-05T16:46:35.378Z", "price": 1014.53, "modified": "2012-05-05T16:46:35.502Z", "rest": 52, "provider": 20}}, {"pk": 28, "model": "itserv.product", "fields": {"comment": "\u0441\u043e\u0437\u0434\u0430\u043d\u043e \u0430\u0432\u0442\u043e\u043c\u0430\u0442\u0438\u0447\u0435\u0441\u043a\u0438", "name": "\u0422\u043e\u0432\u0430\u044028", "service": false, "created": "2012-05-05T16:46:35.636Z", "price": 8394.4, "modified": "2012-05-05T16:46:35.760Z", "rest": 95, "provider": null}}, {"pk": 29, "model": "itserv.product", "fields": {"comment": "\u0441\u043e\u0437\u0434\u0430\u043d\u043e \u0430\u0432\u0442\u043e\u043c\u0430\u0442\u0438\u0447\u0435\u0441\u043a\u0438", "name": "\u0422\u043e\u0432\u0430\u044029", "service": false, "created": "2012-05-05T16:46:35.895Z", "price": 8590.74, "modified": "2012-05-05T16:46:36.030Z", "rest": 70, "provider": 2}}, {"pk": 3, "model": "itserv.product", "fields": {"comment": "\u0441\u043e\u0437\u0434\u0430\u043d\u043e \u0430\u0432\u0442\u043e\u043c\u0430\u0442\u0438\u0447\u0435\u0441\u043a\u0438", "name": "\u0422\u043e\u0432\u0430\u04403", "service": false, "created": "2012-05-05T16:46:29.035Z", "price": 9686.35, "modified": "2012-05-05T16:46:29.170Z", "rest": 41, "provider": 20}}, {"pk": 30, "model": "itserv.product", "fields": {"comment": "\u0441\u043e\u0437\u0434\u0430\u043d\u043e \u0430\u0432\u0442\u043e\u043c\u0430\u0442\u0438\u0447\u0435\u0441\u043a\u0438", "name": "\u0422\u043e\u0432\u0430\u044030", "service": false, "created": "2012-05-05T16:46:36.154Z", "price": 2314.74, "modified": "2012-05-05T16:46:36.280Z", "rest": 79, "provider": 6}}, {"pk": 31, "model": "itserv.product", "fields": {"comment": "\u0441\u043e\u0437\u0434\u0430\u043d\u043e \u0430\u0432\u0442\u043e\u043c\u0430\u0442\u0438\u0447\u0435\u0441\u043a\u0438", "name": "\u0422\u043e\u0432\u0430\u044031", "service": false, "created": "2012-05-05T16:46:36.415Z", "price": 7716.8, "modified": "2012-05-05T16:46:36.549Z", "rest": 79, "provider": 13}}, {"pk": 32, "model": "itserv.product", "fields": {"comment": "\u0441\u043e\u0437\u0434\u0430\u043d\u043e \u0430\u0432\u0442\u043e\u043c\u0430\u0442\u0438\u0447\u0435\u0441\u043a\u0438", "name": "\u0422\u043e\u0432\u0430\u044032", "service": false, "created": "2012-05-05T16:46:36.684Z", "price": 7802.57, "modified": "2012-05-05T16:46:36.819Z", "rest": 35, "provider": 12}}, {"pk": 33, "model": "itserv.product", "fields": {"comment": "\u0441\u043e\u0437\u0434\u0430\u043d\u043e \u0430\u0432\u0442\u043e\u043c\u0430\u0442\u0438\u0447\u0435\u0441\u043a\u0438", "name": "\u0422\u043e\u0432\u0430\u044033", "service": false, "created": "2012-05-05T16:46:36.943Z", "price": 1184.52, "modified": "2012-05-05T16:46:37.067Z", "rest": 39, "provider": 26}}, {"pk": 34, "model": "itserv.product", "fields": {"comment": "\u0441\u043e\u0437\u0434\u0430\u043d\u043e \u0430\u0432\u0442\u043e\u043c\u0430\u0442\u0438\u0447\u0435\u0441\u043a\u0438", "name": "\u0422\u043e\u0432\u0430\u044034", "service": false, "created": "2012-05-05T16:46:37.192Z", "price": 4492.47, "modified": "2012-05-05T16:46:37.327Z", "rest": 42, "provider": 6}}, {"pk": 35, "model": "itserv.product", "fields": {"comment": "\u0441\u043e\u0437\u0434\u0430\u043d\u043e \u0430\u0432\u0442\u043e\u043c\u0430\u0442\u0438\u0447\u0435\u0441\u043a\u0438", "name": "\u0422\u043e\u0432\u0430\u044035", "service": false, "created": "2012-05-05T16:46:37.462Z", "price": 6926.41, "modified": "2012-05-05T16:46:37.597Z", "rest": 19, "provider": 14}}, {"pk": 36, "model": "itserv.product", "fields": {"comment": "\u0441\u043e\u0437\u0434\u0430\u043d\u043e \u0430\u0432\u0442\u043e\u043c\u0430\u0442\u0438\u0447\u0435\u0441\u043a\u0438", "name": "\u0422\u043e\u0432\u0430\u044036", "service": false, "created": "2012-05-05T16:46:37.732Z", "price": 1732.64, "modified": "2012-05-05T16:46:37.856Z", "rest": 47, "provider": 7}}, {"pk": 37, "model": "itserv.product", "fields": {"comment": "\u0441\u043e\u0437\u0434\u0430\u043d\u043e \u0430\u0432\u0442\u043e\u043c\u0430\u0442\u0438\u0447\u0435\u0441\u043a\u0438", "name": "\u0422\u043e\u0432\u0430\u044037", "service": false, "created": "2012-05-05T16:46:37.979Z", "price": 1485.46, "modified": "2012-05-05T16:46:38.105Z", "rest": 36, "provider": 18}}, {"pk": 38, "model": "itserv.product", "fields": {"comment": "\u0441\u043e\u0437\u0434\u0430\u043d\u043e \u0430\u0432\u0442\u043e\u043c\u0430\u0442\u0438\u0447\u0435\u0441\u043a\u0438", "name": "\u0422\u043e\u0432\u0430\u044038", "service": false, "created": "2012-05-05T16:46:38.251Z", "price": 6424.37, "modified": "2012-05-05T16:46:38.386Z", "rest": 81, "provider": 23}}, {"pk": 39, "model": "itserv.product", "fields": {"comment": "\u0441\u043e\u0437\u0434\u0430\u043d\u043e \u0430\u0432\u0442\u043e\u043c\u0430\u0442\u0438\u0447\u0435\u0441\u043a\u0438", "name": "\u0422\u043e\u0432\u0430\u044039", "service": false, "created": "2012-05-05T16:46:38.510Z", "price": 6461.05, "modified": "2012-05-05T16:46:38.635Z", "rest": 32, "provider": 4}}, {"pk": 4, "model": "itserv.product", "fields": {"comment": "\u0441\u043e\u0437\u0434\u0430\u043d\u043e \u0430\u0432\u0442\u043e\u043c\u0430\u0442\u0438\u0447\u0435\u0441\u043a\u0438", "name": "\u0422\u043e\u0432\u0430\u04404", "service": false, "created": "2012-05-05T16:46:29.305Z", "price": 9321.47, "modified": "2012-05-05T16:46:29.451Z", "rest": 10, "provider": 19}}, {"pk": 40, "model": "itserv.product", "fields": {"comment": "\u0441\u043e\u0437\u0434\u0430\u043d\u043e \u0430\u0432\u0442\u043e\u043c\u0430\u0442\u0438\u0447\u0435\u0441\u043a\u0438", "name": "\u0422\u043e\u0432\u0430\u044040", "service": false, "created": "2012-05-05T16:46:38.757Z", "price": 8504.74, "modified": "2012-05-05T16:46:38.881Z", "rest": 87, "provider": 19}}, {"pk": 41, "model": "itserv.product", "fields": {"comment": "\u0441\u043e\u0437\u0434\u0430\u043d\u043e \u0430\u0432\u0442\u043e\u043c\u0430\u0442\u0438\u0447\u0435\u0441\u043a\u0438", "name": "\u0422\u043e\u0432\u0430\u044041", "service": false, "created": "2012-05-05T16:46:39.016Z", "price": 8678.52, "modified": "2012-05-05T16:46:39.219Z", "rest": 71, "provider": 10}}, {"pk": 42, "model": "itserv.product", "fields": {"comment": "\u0441\u043e\u0437\u0434\u0430\u043d\u043e \u0430\u0432\u0442\u043e\u043c\u0430\u0442\u0438\u0447\u0435\u0441\u043a\u0438", "name": "\u0422\u043e\u0432\u0430\u044042", "service": false, "created": "2012-05-05T16:46:39.354Z", "price": 8956.56, "modified": "2012-05-05T16:46:39.478Z", "rest": 96, "provider": 20}}, {"pk": 43, "model": "itserv.product", "fields": {"comment": "\u0441\u043e\u0437\u0434\u0430\u043d\u043e \u0430\u0432\u0442\u043e\u043c\u0430\u0442\u0438\u0447\u0435\u0441\u043a\u0438", "name": "\u0422\u043e\u0432\u0430\u044043", "service": false, "created": "2012-05-05T16:46:39.601Z", "price": 9439.27, "modified": "2012-05-05T16:46:39.725Z", "rest": 39, "provider": 3}}, {"pk": 44, "model": "itserv.product", "fields": {"comment": "\u0441\u043e\u0437\u0434\u0430\u043d\u043e \u0430\u0432\u0442\u043e\u043c\u0430\u0442\u0438\u0447\u0435\u0441\u043a\u0438", "name": "\u0422\u043e\u0432\u0430\u044044", "service": false, "created": "2012-05-05T16:46:39.860Z", "price": 4797.38, "modified": "2012-05-05T16:46:40.006Z", "rest": 52, "provider": 24}}, {"pk": 45, "model": "itserv.product", "fields": {"comment": "\u0441\u043e\u0437\u0434\u0430\u043d\u043e \u0430\u0432\u0442\u043e\u043c\u0430\u0442\u0438\u0447\u0435\u0441\u043a\u0438", "name": "\u0422\u043e\u0432\u0430\u044045", "service": false, "created": "2012-05-05T16:46:40.154Z", "price": 2915.75, "modified": "2012-05-05T16:46:40.278Z", "rest": 74, "provider": 28}}, {"pk": 46, "model": "itserv.product", "fields": {"comment": "\u0441\u043e\u0437\u0434\u0430\u043d\u043e \u0430\u0432\u0442\u043e\u043c\u0430\u0442\u0438\u0447\u0435\u0441\u043a\u0438", "name": "\u0422\u043e\u0432\u0430\u044046", "service": false, "created": "2012-05-05T16:46:40.401Z", "price": 5679.48, "modified": "2012-05-05T16:46:40.525Z", "rest": 99, "provider": 18}}, {"pk": 47, "model": "itserv.product", "fields": {"comment": "\u0441\u043e\u0437\u0434\u0430\u043d\u043e \u0430\u0432\u0442\u043e\u043c\u0430\u0442\u0438\u0447\u0435\u0441\u043a\u0438", "name": "\u0422\u043e\u0432\u0430\u044047", "service": false, "created": "2012-05-05T16:46:40.649Z", "price": 9067.38, "modified": "2012-05-05T16:46:40.784Z", "rest": 89, "provider": 21}}, {"pk": 48, "model": "itserv.product", "fields": {"comment": "\u0441\u043e\u0437\u0434\u0430\u043d\u043e \u0430\u0432\u0442\u043e\u043c\u0430\u0442\u0438\u0447\u0435\u0441\u043a\u0438", "name": "\u0422\u043e\u0432\u0430\u044048", "service": false, "created": "2012-05-05T16:46:40.930Z", "price": 8186.9, "modified": "2012-05-05T16:46:41.055Z", "rest": 33, "provider": 14}}, {"pk": 49, "model": "itserv.product", "fields": {"comment": "\u0441\u043e\u0437\u0434\u0430\u043d\u043e \u0430\u0432\u0442\u043e\u043c\u0430\u0442\u0438\u0447\u0435\u0441\u043a\u0438", "name": "\u0422\u043e\u0432\u0430\u044049", "service": false, "created": "2012-05-05T16:46:41.178Z", "price": 7028.62, "modified": "2012-05-05T16:46:41.303Z", "rest": 46, "provider": null}}, {"pk": 5, "model": "itserv.product", "fields": {"comment": "\u0441\u043e\u0437\u0434\u0430\u043d\u043e \u0430\u0432\u0442\u043e\u043c\u0430\u0442\u0438\u0447\u0435\u0441\u043a\u0438", "name": "\u0422\u043e\u0432\u0430\u04405", "service": false, "created": "2012-05-05T16:46:29.586Z", "price": 2352.79, "modified": "2012-05-05T16:46:29.709Z", "rest": 77, "provider": 22}}, {"pk": 50, "model": "itserv.product", "fields": {"comment": "\u0441\u043e\u0437\u0434\u0430\u043d\u043e \u0430\u0432\u0442\u043e\u043c\u0430\u0442\u0438\u0447\u0435\u0441\u043a\u0438", "name": "\u0422\u043e\u0432\u0430\u044050", "service": false, "created": "2012-05-05T16:46:41.427Z", "price": 1084.05, "modified": "2012-05-05T16:46:41.562Z", "rest": 38, "provider": 30}}, {"pk": 51, "model": "itserv.product", "fields": {"comment": "\u0441\u043e\u0437\u0434\u0430\u043d\u043e \u0430\u0432\u0442\u043e\u043c\u0430\u0442\u0438\u0447\u0435\u0441\u043a\u0438", "name": "\u0422\u043e\u0432\u0430\u044051", "service": false, "created": "2012-05-05T16:46:41.708Z", "price": 8576.59, "modified": "2012-05-05T16:46:41.854Z", "rest": 91, "provider": 7}}, {"pk": 52, "model": "itserv.product", "fields": {"comment": "\u0441\u043e\u0437\u0434\u0430\u043d\u043e \u0430\u0432\u0442\u043e\u043c\u0430\u0442\u0438\u0447\u0435\u0441\u043a\u0438", "name": "\u0422\u043e\u0432\u0430\u044052", "service": false, "created": "2012-05-05T16:46:41.980Z", "price": 9529.89, "modified": "2012-05-05T16:46:42.103Z", "rest": 85, "provider": 20}}, {"pk": 53, "model": "itserv.product", "fields": {"comment": "\u0441\u043e\u0437\u0434\u0430\u043d\u043e \u0430\u0432\u0442\u043e\u043c\u0430\u0442\u0438\u0447\u0435\u0441\u043a\u0438", "name": "\u0422\u043e\u0432\u0430\u044053", "service": false, "created": "2012-05-05T16:46:42.227Z", "price": 4519.46, "modified": "2012-05-05T16:46:42.362Z", "rest": 51, "provider": 12}}, {"pk": 54, "model": "itserv.product", "fields": {"comment": "\u0441\u043e\u0437\u0434\u0430\u043d\u043e \u0430\u0432\u0442\u043e\u043c\u0430\u0442\u0438\u0447\u0435\u0441\u043a\u0438", "name": "\u0422\u043e\u0432\u0430\u044054", "service": false, "created": "2012-05-05T16:46:42.508Z", "price": 9184.58, "modified": "2012-05-05T16:46:42.643Z", "rest": 22, "provider": 28}}, {"pk": 55, "model": "itserv.product", "fields": {"comment": "\u0441\u043e\u0437\u0434\u0430\u043d\u043e \u0430\u0432\u0442\u043e\u043c\u0430\u0442\u0438\u0447\u0435\u0441\u043a\u0438", "name": "\u0422\u043e\u0432\u0430\u044055", "service": false, "created": "2012-05-05T16:46:42.767Z", "price": 1555.2, "modified": "2012-05-05T16:46:42.903Z", "rest": 59, "provider": 30}}, {"pk": 56, "model": "itserv.product", "fields": {"comment": "\u0441\u043e\u0437\u0434\u0430\u043d\u043e \u0430\u0432\u0442\u043e\u043c\u0430\u0442\u0438\u0447\u0435\u0441\u043a\u0438", "name": "\u0422\u043e\u0432\u0430\u044056", "service": false, "created": "2012-05-05T16:46:43.027Z", "price": 8836.0, "modified": "2012-05-05T16:46:43.162Z", "rest": 71, "provider": 27}}, {"pk": 57, "model": "itserv.product", "fields": {"comment": "\u0441\u043e\u0437\u0434\u0430\u043d\u043e \u0430\u0432\u0442\u043e\u043c\u0430\u0442\u0438\u0447\u0435\u0441\u043a\u0438", "name": "\u0422\u043e\u0432\u0430\u044057", "service": false, "created": "2012-05-05T16:46:43.308Z", "price": 3126.46, "modified": "2012-05-05T16:46:43.454Z", "rest": 90, "provider": 21}}, {"pk": 58, "model": "itserv.product", "fields": {"comment": "\u0441\u043e\u0437\u0434\u0430\u043d\u043e \u0430\u0432\u0442\u043e\u043c\u0430\u0442\u0438\u0447\u0435\u0441\u043a\u0438", "name": "\u0422\u043e\u0432\u0430\u044058", "service": false, "created": "2012-05-05T16:46:43.589Z", "price": 1621.25, "modified": "2012-05-05T16:46:43.713Z", "rest": 91, "provider": 5}}, {"pk": 59, "model": "itserv.product", "fields": {"comment": "\u0441\u043e\u0437\u0434\u0430\u043d\u043e \u0430\u0432\u0442\u043e\u043c\u0430\u0442\u0438\u0447\u0435\u0441\u043a\u0438", "name": "\u0422\u043e\u0432\u0430\u044059", "service": false, "created": "2012-05-05T16:46:43.839Z", "price": 8384.73, "modified": "2012-05-05T16:46:43.974Z", "rest": 16, "provider": 27}}, {"pk": 6, "model": "itserv.product", "fields": {"comment": "\u0441\u043e\u0437\u0434\u0430\u043d\u043e \u0430\u0432\u0442\u043e\u043c\u0430\u0442\u0438\u0447\u0435\u0441\u043a\u0438", "name": "\u0422\u043e\u0432\u0430\u04406", "service": false, "created": "2012-05-05T16:46:29.835Z", "price": 6030.5, "modified": "2012-05-05T16:46:29.958Z", "rest": 91, "provider": 9}}, {"pk": 60, "model": "itserv.product", "fields": {"comment": "\u0441\u043e\u0437\u0434\u0430\u043d\u043e \u0430\u0432\u0442\u043e\u043c\u0430\u0442\u0438\u0447\u0435\u0441\u043a\u0438", "name": "\u0422\u043e\u0432\u0430\u044060", "service": false, "created": "2012-05-05T16:46:44.108Z", "price": 2825.88, "modified": "2012-05-05T16:46:44.232Z", "rest": 89, "provider": 19}}, {"pk": 7, "model": "itserv.product", "fields": {"comment": "\u0441\u043e\u0437\u0434\u0430\u043d\u043e \u0430\u0432\u0442\u043e\u043c\u0430\u0442\u0438\u0447\u0435\u0441\u043a\u0438", "name": "\u0422\u043e\u0432\u0430\u04407", "service": false, "created": "2012-05-05T16:46:30.105Z", "price": 3621.46, "modified": "2012-05-05T16:46:30.262Z", "rest": 45, "provider": 17}}, {"pk": 8, "model": "itserv.product", "fields": {"comment": "\u0441\u043e\u0437\u0434\u0430\u043d\u043e \u0430\u0432\u0442\u043e\u043c\u0430\u0442\u0438\u0447\u0435\u0441\u043a\u0438", "name": "\u0422\u043e\u0432\u0430\u04408", "service": false, "created": "2012-05-05T16:46:30.396Z", "price": 4773.87, "modified": "2012-05-05T16:46:30.521Z", "rest": 17, "provider": 20}}, {"pk": 9, "model": "itserv.product", "fields": {"comment": "\u0441\u043e\u0437\u0434\u0430\u043d\u043e \u0430\u0432\u0442\u043e\u043c\u0430\u0442\u0438\u0447\u0435\u0441\u043a\u0438", "name": "\u0422\u043e\u0432\u0430\u04409", "service": false, "created": "2012-05-05T16:46:30.645Z", "price": 7232.22, "modified": "2012-05-05T16:46:30.792Z", "rest": 28, "provider": 13}}, {"pk": 61, "model": "itserv.product", "fields": {"comment": "\u0441\u043e\u0437\u0434\u0430\u043d\u043e \u0430\u0432\u0442\u043e\u043c\u0430\u0442\u0438\u0447\u0435\u0441\u043a\u0438", "name": "\u0423\u0441\u043b\u0443\u0433\u043061", "service": true, "created": "2012-05-05T16:47:31.024Z", "price": 8709.51, "modified": "2012-05-05T16:47:31.239Z", "rest": 0, "provider": 22}}, {"pk": 62, "model": "itserv.product", "fields": {"comment": "\u0441\u043e\u0437\u0434\u0430\u043d\u043e \u0430\u0432\u0442\u043e\u043c\u0430\u0442\u0438\u0447\u0435\u0441\u043a\u0438", "name": "\u0423\u0441\u043b\u0443\u0433\u043062", "service": true, "created": "2012-05-05T16:47:31.365Z", "price": 6309.85, "modified": "2012-05-05T16:47:31.499Z", "rest": 0, "provider": 7}}, {"pk": 63, "model": "itserv.product", "fields": {"comment": "\u0441\u043e\u0437\u0434\u0430\u043d\u043e \u0430\u0432\u0442\u043e\u043c\u0430\u0442\u0438\u0447\u0435\u0441\u043a\u0438", "name": "\u0423\u0441\u043b\u0443\u0433\u043063", "service": true, "created": "2012-05-05T16:47:31.634Z", "price": 6956.93, "modified": "2012-05-05T16:47:31.780Z", "rest": 0, "provider": 7}}, {"pk": 64, "model": "itserv.product", "fields": {"comment": "\u0441\u043e\u0437\u0434\u0430\u043d\u043e \u0430\u0432\u0442\u043e\u043c\u0430\u0442\u0438\u0447\u0435\u0441\u043a\u0438", "name": "\u0423\u0441\u043b\u0443\u0433\u043064", "service": true, "created": "2012-05-05T16:47:31.915Z", "price": 1777.79, "modified": "2012-05-05T16:47:32.050Z", "rest": 0, "provider": 14}}, {"pk": 65, "model": "itserv.product", "fields": {"comment": "\u0441\u043e\u0437\u0434\u0430\u043d\u043e \u0430\u0432\u0442\u043e\u043c\u0430\u0442\u0438\u0447\u0435\u0441\u043a\u0438", "name": "\u0423\u0441\u043b\u0443\u0433\u043065", "service": true, "created": "2012-05-05T16:47:32.196Z", "price": 4473.87, "modified": "2012-05-05T16:47:32.342Z", "rest": 0, "provider": 10}}, {"pk": 66, "model": "itserv.product", "fields": {"comment": "\u0441\u043e\u0437\u0434\u0430\u043d\u043e \u0430\u0432\u0442\u043e\u043c\u0430\u0442\u0438\u0447\u0435\u0441\u043a\u0438", "name": "\u0423\u0441\u043b\u0443\u0433\u043066", "service": true, "created": "2012-05-05T16:47:32.478Z", "price": 3106.84, "modified": "2012-05-05T16:47:32.611Z", "rest": 0, "provider": 28}}, {"pk": 67, "model": "itserv.product", "fields": {"comment": "\u0441\u043e\u0437\u0434\u0430\u043d\u043e \u0430\u0432\u0442\u043e\u043c\u0430\u0442\u0438\u0447\u0435\u0441\u043a\u0438", "name": "\u0423\u0441\u043b\u0443\u0433\u043067", "service": true, "created": "2012-05-05T16:47:32.747Z", "price": 1405.99, "modified": "2012-05-05T16:47:32.892Z", "rest": 0, "provider": 22}}, {"pk": 68, "model": "itserv.product", "fields": {"comment": "\u0441\u043e\u0437\u0434\u0430\u043d\u043e \u0430\u0432\u0442\u043e\u043c\u0430\u0442\u0438\u0447\u0435\u0441\u043a\u0438", "name": "\u0423\u0441\u043b\u0443\u0433\u043068", "service": true, "created": "2012-05-05T16:47:33.018Z", "price": 4371.51, "modified": "2012-05-05T16:47:33.153Z", "rest": 0, "provider": 2}}, {"pk": 69, "model": "itserv.product", "fields": {"comment": "\u0441\u043e\u0437\u0434\u0430\u043d\u043e \u0430\u0432\u0442\u043e\u043c\u0430\u0442\u0438\u0447\u0435\u0441\u043a\u0438", "name": "\u0423\u0441\u043b\u0443\u0433\u043069", "service": true, "created": "2012-05-05T16:47:33.308Z", "price": 4528.91, "modified": "2012-05-05T16:47:33.445Z", "rest": 0, "provider": 23}}, {"pk": 70, "model": "itserv.product", "fields": {"comment": "\u0441\u043e\u0437\u0434\u0430\u043d\u043e \u0430\u0432\u0442\u043e\u043c\u0430\u0442\u0438\u0447\u0435\u0441\u043a\u0438", "name": "\u0423\u0441\u043b\u0443\u0433\u043070", "service": true, "created": "2012-05-05T16:47:33.580Z", "price": 8937.55, "modified": "2012-05-05T16:47:33.704Z", "rest": 0, "provider": 11}}, {"pk": 71, "model": "itserv.product", "fields": {"comment": "\u0441\u043e\u0437\u0434\u0430\u043d\u043e \u0430\u0432\u0442\u043e\u043c\u0430\u0442\u0438\u0447\u0435\u0441\u043a\u0438", "name": "\u0423\u0441\u043b\u0443\u0433\u043071", "service": true, "created": "2012-05-05T16:47:33.827Z", "price": 6072.98, "modified": "2012-05-05T16:47:33.951Z", "rest": 0, "provider": 2}}, {"pk": 72, "model": "itserv.product", "fields": {"comment": "\u0441\u043e\u0437\u0434\u0430\u043d\u043e \u0430\u0432\u0442\u043e\u043c\u0430\u0442\u0438\u0447\u0435\u0441\u043a\u0438", "name": "\u0423\u0441\u043b\u0443\u0433\u043072", "service": true, "created": "2012-05-05T16:47:34.086Z", "price": 9460.47, "modified": "2012-05-05T16:47:34.221Z", "rest": 0, "provider": 27}}, {"pk": 73, "model": "itserv.product", "fields": {"comment": "\u0441\u043e\u0437\u0434\u0430\u043d\u043e \u0430\u0432\u0442\u043e\u043c\u0430\u0442\u0438\u0447\u0435\u0441\u043a\u0438", "name": "\u0423\u0441\u043b\u0443\u0433\u043073", "service": true, "created": "2012-05-05T16:47:34.347Z", "price": 5763.75, "modified": "2012-05-05T16:47:34.470Z", "rest": 0, "provider": 13}}, {"pk": 74, "model": "itserv.product", "fields": {"comment": "\u0441\u043e\u0437\u0434\u0430\u043d\u043e \u0430\u0432\u0442\u043e\u043c\u0430\u0442\u0438\u0447\u0435\u0441\u043a\u0438", "name": "\u0423\u0441\u043b\u0443\u0433\u043074", "service": true, "created": "2012-05-05T16:47:34.594Z", "price": 1374.44, "modified": "2012-05-05T16:47:34.740Z", "rest": 0, "provider": 18}}, {"pk": 75, "model": "itserv.product", "fields": {"comment": "\u0441\u043e\u0437\u0434\u0430\u043d\u043e \u0430\u0432\u0442\u043e\u043c\u0430\u0442\u0438\u0447\u0435\u0441\u043a\u0438", "name": "\u0423\u0441\u043b\u0443\u0433\u043075", "service": true, "created": "2012-05-05T16:47:34.874Z", "price": 9988.02, "modified": "2012-05-05T16:47:35.010Z", "rest": 0, "provider": 2}}, {"pk": 76, "model": "itserv.product", "fields": {"comment": "\u0441\u043e\u0437\u0434\u0430\u043d\u043e \u0430\u0432\u0442\u043e\u043c\u0430\u0442\u0438\u0447\u0435\u0441\u043a\u0438", "name": "\u0423\u0441\u043b\u0443\u0433\u043076", "service": true, "created": "2012-05-05T16:47:35.145Z", "price": 8443.5, "modified": "2012-05-05T16:47:35.270Z", "rest": 0, "provider": 26}}, {"pk": 77, "model": "itserv.product", "fields": {"comment": "\u0441\u043e\u0437\u0434\u0430\u043d\u043e \u0430\u0432\u0442\u043e\u043c\u0430\u0442\u0438\u0447\u0435\u0441\u043a\u0438", "name": "\u0423\u0441\u043b\u0443\u0433\u043077", "service": true, "created": "2012-05-05T16:47:35.405Z", "price": 1746.81, "modified": "2012-05-05T16:47:35.540Z", "rest": 0, "provider": 30}}, {"pk": 78, "model": "itserv.product", "fields": {"comment": "\u0441\u043e\u0437\u0434\u0430\u043d\u043e \u0430\u0432\u0442\u043e\u043c\u0430\u0442\u0438\u0447\u0435\u0441\u043a\u0438", "name": "\u0423\u0441\u043b\u0443\u0433\u043078", "service": true, "created": "2012-05-05T16:47:35.686Z", "price": 6029.54, "modified": "2012-05-05T16:47:35.822Z", "rest": 0, "provider": 7}}, {"pk": 79, "model": "itserv.product", "fields": {"comment": "\u0441\u043e\u0437\u0434\u0430\u043d\u043e \u0430\u0432\u0442\u043e\u043c\u0430\u0442\u0438\u0447\u0435\u0441\u043a\u0438", "name": "\u0423\u0441\u043b\u0443\u0433\u043079", "service": true, "created": "2012-05-05T16:47:35.956Z", "price": 3263.27, "modified": "2012-05-05T16:47:36.080Z", "rest": 0, "provider": 13}}, {"pk": 80, "model": "itserv.product", "fields": {"comment": "\u0441\u043e\u0437\u0434\u0430\u043d\u043e \u0430\u0432\u0442\u043e\u043c\u0430\u0442\u0438\u0447\u0435\u0441\u043a\u0438", "name": "\u0423\u0441\u043b\u0443\u0433\u043080", "service": true, "created": "2012-05-05T16:47:36.205Z", "price": 6469.12, "modified": "2012-05-05T16:47:36.329Z", "rest": 0, "provider": 16}}, {"pk": 1, "model": "itserv.reqlist", "fields": {"product": 1, "created": "2012-05-05T16:48:53.055Z", "price": null, "number": 2, "contract": null, "modified": "2012-05-05T16:48:53.055Z", "client": 1}}, {"pk": 2, "model": "itserv.reqlist", "fields": {"product": 11, "created": "2012-05-05T16:49:02.270Z", "price": null, "number": 3, "contract": null, "modified": "2012-05-05T16:49:02.270Z", "client": 1}}, {"pk": 3, "model": "itserv.reqlist", "fields": {"product": 20, "created": "2012-05-05T16:49:32.145Z", "price": null, "number": 1, "contract": null, "modified": "2012-05-05T16:49:32.144Z", "client": 10}}, {"pk": 4, "model": "itserv.reqlist", "fields": {"product": 22, "created": "2012-05-05T16:49:33.634Z", "price": null, "number": 1, "contract": null, "modified": "2012-05-05T16:49:33.634Z", "client": 10}}, {"pk": 5, "model": "itserv.reqlist", "fields": {"product": 61, "created": "2012-05-05T16:49:51.316Z", "price": null, "number": 1, "contract": null, "modified": "2012-05-05T16:49:51.316Z", "client": 10}}]